Workbook

Sheet Design | Choice Tasks
A1: Choice situation | B1: Block | C1: optiona.source | D1: Text | E1: optiona.land | F1: Text | G1: optiona.monitor | H1: Text | I1: optiona.price | J1: Text | K1: optionb.source | L1: Text | M1: optionb.land | N1: Text | O1: optionb.monitor | P1: Text | Q1: optionb.price | R1: Text
A2: 1 | B2: 1 | C2: 2 | D2: =VLOOKUP(C2,Source!$A$1:$B$5,2,FALSE) -> Marknadscertifiering | E2: 0 | F2: =VLOOKUP(E2,Land!$A$1:$B$4,2,FALSE) -> Småskaliga privata ägare | G2: 0 | H2: =VLOOKUP(G2,Monitor!$A$1:$B$3,2,FALSE) -> Privat, oberoende granskning | I2: 0 | J2: =VLOOKUP(I2,Price!$A$1:$B$5,2,FALSE) -> 492 | K2: 1 | L2: =VLOOKUP(K2,Source!$A$1:$B$5,2,FALSE) -> Frivillig donation | M2: 2 | N2: =VLOOKUP(M2,Land!$A$1:$B$4,2,FALSE) -> Offentlig mark | O2: 1 | P2: =VLOOKUP(O2,Monitor!$A$1:$B$3,2,FALSE) -> Offentlig förvaltning | Q2: 3 | R2: =VLOOKUP(Q2,Price!$A$1:$B$5,2,FALSE) -> 7380
A3: 2 | B3: 1 | C3: 2 | D3: =VLOOKUP(C3,Source!$A$1:$B$5,2,FALSE) -> Marknadscertifiering | E3: 1 | F3: =VLOOKUP(E3,Land!$A$1:$B$4,2,FALSE) -> Industriella företag | G3: 1 | H3: =VLOOKUP(G3,Monitor!$A$1:$B$3,2,FALSE) -> Offentlig förvaltning | I3: 0 | J3: =VLOOKUP(I3,Price!$A$1:$B$5,2,FALSE) -> 492 | K3: 2 | L3: =VLOOKUP(K3,Source!$A$1:$B$5,2,FALSE) -> Marknadscertifiering | M3: 2 | N3: =VLOOKUP(M3,Land!$A$1:$B$4,2,FALSE) -> Offentlig mark | O3: 1 | P3: =VLOOKUP(O3,Monitor!$A$1:$B$3,2,FALSE) -> Offentlig förvaltning | Q3: 2 | R3: =VLOOKUP(Q3,Price!$A$1:$B$5,2,FALSE) -> 4920
A4: 3 | B4: 1 | C4: 3 | D4: =VLOOKUP(C4,Source!$A$1:$B$5,2,FALSE) -> Obligatorisk kompensation | E4: 1 | F4: =VLOOKUP(E4,Land!$A$1:$B$4,2,FALSE) -> Industriella företag | G4: 1 | H4: =VLOOKUP(G4,Monitor!$A$1:$B$3,2,FALSE) -> Offentlig förvaltning | I4: 2 | J4: =VLOOKUP(I4,Price!$A$1:$B$5,2,FALSE) -> 4920 | K4: 1 | L4: =VLOOKUP(K4,Source!$A$1:$B$5,2,FALSE) -> Frivillig donation | M4: 2 | N4: =VLOOKUP(M4,Land!$A$1:$B$4,2,FALSE) -> Offentlig mark | O4: 0 | P4: =VLOOKUP(O4,Monitor!$A$1:$B$3,2,FALSE) -> Privat, oberoende granskning | Q4: 3 | R4: =VLOOKUP(Q4,Price!$A$1:$B$5,2,FALSE) -> 7380
A5: 4 | B5: 1 | C5: 1 | D5: =VLOOKUP(C5,Source!$A$1:$B$5,2,FALSE) -> Frivillig donation | E5: 0 | F5: =VLOOKUP(E5,Land!$A$1:$B$4,2,FALSE) -> Småskaliga privata ägare | G5: 0 | H5: =VLOOKUP(G5,Monitor!$A$1:$B$3,2,FALSE) -> Privat, oberoende granskning | I5: 2 | J5: =VLOOKUP(I5,Price!$A$1:$B$5,2,FALSE) -> 4920 | K5: 0 | L5: =VLOOKUP(K5,Source!$A$1:$B$5,2,FALSE) -> Skattebetalning | M5: 0 | N5: =VLOOKUP(M5,Land!$A$1:$B$4,2,FALSE) -> Småskaliga privata ägare | O5: 1 | P5: =VLOOKUP(O5,Monitor!$A$1:$B$3,2,FALSE) -> Offentlig förvaltning | Q5: 1 | R5: =VLOOKUP(Q5,Price!$A$1:$B$5,2,FALSE) -> 2460
A6: 5 | B6: 1 | C6: 2 | D6: =VLOOKUP(C6,Source!$A$1:$B$5,2,FALSE) -> Marknadscertifiering | E6: 0 | F6: =VLOOKUP(E6,Land!$A$1:$B$4,2,FALSE) -> Småskaliga privata ägare | G6: 0 | H6: =VLOOKUP(G6,Monitor!$A$1:$B$3,2,FALSE) -> Privat, oberoende granskning | I6: 1 | J6: =VLOOKUP(I6,Price!$A$1:$B$5,2,FALSE) -> 2460 | K6: 0 | L6: =VLOOKUP(K6,Source!$A$1:$B$5,2,FALSE) -> Skattebetalning | M6: 2 | N6: =VLOOKUP(M6,Land!$A$1:$B$4,2,FALSE) -> Offentlig mark | O6: 1 | P6: =VLOOKUP(O6,Monitor!$A$1:$B$3,2,FALSE) -> Offentlig förvaltning | Q6: 1 | R6: =VLOOKUP(Q6,Price!$A$1:$B$5,2,FALSE) -> 2460
A7: 6 | B7: 1 | C7: 1 | D7: =VLOOKUP(C7,Source!$A$1:$B$5,2,FALSE) -> Frivillig donation | E7: 0 | F7: =VLOOKUP(E7,Land!$A$1:$B$4,2,FALSE) -> Småskaliga privata ägare | G7: 1 | H7: =VLOOKUP(G7,Monitor!$A$1:$B$3,2,FALSE) -> Offentlig förvaltning | I7: 1 | J7: =VLOOKUP(I7,Price!$A$1:$B$5,2,FALSE) -> 2460 | K7: 1 | L7: =VLOOKUP(K7,Source!$A$1:$B$5,2,FALSE) -> Frivillig donation | M7: 2 | N7: =VLOOKUP(M7,Land!$A$1:$B$4,2,FALSE) -> Offentlig mark | O7: 0 | P7: =VLOOKUP(O7,Monitor!$A$1:$B$3,2,FALSE) -> Privat, oberoende granskning | Q7: 0 | R7: =VLOOKUP(Q7,Price!$A$1:$B$5,2,FALSE) -> 492
A8: 7 | B8: 1 | C8: 0 | D8: =VLOOKUP(C8,Source!$A$1:$B$5,2,FALSE) -> Skattebetalning | E8: 0 | F8: =VLOOKUP(E8,Land!$A$1:$B$4,2,FALSE) -> Småskaliga privata ägare | G8: 0 | H8: =VLOOKUP(G8,Monitor!$A$1:$B$3,2,FALSE) -> Privat, oberoende granskning | I8: 1 | J8: =VLOOKUP(I8,Price!$A$1:$B$5,2,FALSE) -> 2460 | K8: 1 | L8: =VLOOKUP(K8,Source!$A$1:$B$5,2,FALSE) -> Frivillig donation | M8: 1 | N8: =VLOOKUP(M8,Land!$A$1:$B$4,2,FALSE) -> Industriella företag | O8: 1 | P8: =VLOOKUP(O8,Monitor!$A$1:$B$3,2,FALSE) -> Offentlig förvaltning | Q8: 3 | R8: =VLOOKUP(Q8,Price!$A$1:$B$5,2,FALSE) -> 7380
A9: 8 | B9: 1 | C9: 2 | D9: =VLOOKUP(C9,Source!$A$1:$B$5,2,FALSE) -> Marknadscertifiering | E9: 2 | F9: =VLOOKUP(E9,Land!$A$1:$B$4,2,FALSE) -> Offentlig mark | G9: 1 | H9: =VLOOKUP(G9,Monitor!$A$1:$B$3,2,FALSE) -> Offentlig förvaltning | I9: 1 | J9: =VLOOKUP(I9,Price!$A$1:$B$5,2,FALSE) -> 2460 | K9: 2 | L9: =VLOOKUP(K9,Source!$A$1:$B$5,2,FALSE) -> Marknadscertifiering | M9: 0 | N9: =VLOOKUP(M9,Land!$A$1:$B$4,2,FALSE) -> Småskaliga privata ägare | O9: 0 | P9: =VLOOKUP(O9,Monitor!$A$1:$B$3,2,FALSE) -> Privat, oberoende granskning | Q9: 0 | R9: =VLOOKUP(Q9,Price!$A$1:$B$5,2,FALSE) -> 492
A10: 9 | B10: 2 | C10: 1 | D10: =VLOOKUP(C10,Source!$A$1:$B$5,2,FALSE) -> Frivillig donation | E10: 2 | F10: =VLOOKUP(E10,Land!$A$1:$B$4,2,FALSE) -> Offentlig mark | G10: 1 | H10: =VLOOKUP(G10,Monitor!$A$1:$B$3,2,FALSE) -> Offentlig förvaltning | I10: 2 | J10: =VLOOKUP(I10,Price!$A$1:$B$5,2,FALSE) -> 4920 | K10: 3 | L10: =VLOOKUP(K10,Source!$A$1:$B$5,2,FALSE) -> Obligatorisk kompensation | M10: 0 | N10: =VLOOKUP(M10,Land!$A$1:$B$4,2,FALSE) -> Småskaliga privata ägare | O10: 0 | P10: =VLOOKUP(O10,Monitor!$A$1:$B$3,2,FALSE) -> Privat, oberoende granskning | Q10: 2 | R10: =VLOOKUP(Q10,Price!$A$1:$B$5,2,FALSE) -> 4920
A11: 10 | B11: 2 | C11: 2 | D11: =VLOOKUP(C11,Source!$A$1:$B$5,2,FALSE) -> Marknadscertifiering | E11: 0 | F11: =VLOOKUP(E11,Land!$A$1:$B$4,2,FALSE) -> Småskaliga privata ägare | G11: 0 | H11: =VLOOKUP(G11,Monitor!$A$1:$B$3,2,FALSE) -> Privat, oberoende granskning | I11: 1 | J11: =VLOOKUP(I11,Price!$A$1:$B$5,2,FALSE) -> 2460 | K11: 0 | L11: =VLOOKUP(K11,Source!$A$1:$B$5,2,FALSE) -> Skattebetalning | M11: 1 | N11: =VLOOKUP(M11,Land!$A$1:$B$4,2,FALSE) -> Industriella företag | O11: 0 | P11: =VLOOKUP(O11,Monitor!$A$1:$B$3,2,FALSE) -> Privat, oberoende granskning | Q11: 0 | R11: =VLOOKUP(Q11,Price!$A$1:$B$5,2,FALSE) -> 492
A12: 11 | B12: 2 | C12: 0 | D12: =VLOOKUP(C12,Source!$A$1:$B$5,2,FALSE) -> Skattebetalning | E12: 2 | F12: =VLOOKUP(E12,Land!$A$1:$B$4,2,FALSE) -> Offentlig mark | G12: 0 | H12: =VLOOKUP(G12,Monitor!$A$1:$B$3,2,FALSE) -> Privat, oberoende granskning | I12: 0 | J12: =VLOOKUP(I12,Price!$A$1:$B$5,2,FALSE) -> 492 | K12: 3 | L12: =VLOOKUP(K12,Source!$A$1:$B$5,2,FALSE) -> Obligatorisk kompensation | M12: 0 | N12: =VLOOKUP(M12,Land!$A$1:$B$4,2,FALSE) -> Småskaliga privata ägare | O12: 1 | P12: =VLOOKUP(O12,Monitor!$A$1:$B$3,2,FALSE) -> Offentlig förvaltning | Q12: 1 | R12: =VLOOKUP(Q12,Price!$A$1:$B$5,2,FALSE) -> 2460
A13: 12 | B13: 2 | C13: 0 | D13: =VLOOKUP(C13,Source!$A$1:$B$5,2,FALSE) -> Skattebetalning | E13: 2 | F13: =VLOOKUP(E13,Land!$A$1:$B$4,2,FALSE) -> Offentlig mark | G13: 0 | H13: =VLOOKUP(G13,Monitor!$A$1:$B$3,2,FALSE) -> Privat, oberoende granskning | I13: 0 | J13: =VLOOKUP(I13,Price!$A$1:$B$5,2,FALSE) -> 492 | K13: 0 | L13: =VLOOKUP(K13,Source!$A$1:$B$5,2,FALSE) -> Skattebetalning | M13: 1 | N13: =VLOOKUP(M13,Land!$A$1:$B$4,2,FALSE) -> Industriella företag | O13: 1 | P13: =VLOOKUP(O13,Monitor!$A$1:$B$3,2,FALSE) -> Offentlig förvaltning | Q13: 2 | R13: =VLOOKUP(Q13,Price!$A$1:$B$5,2,FALSE) -> 4920
... A97: 96 | B97: 12 | C97: 1 | D97: =VLOOKUP(C97,Source!$A$1:$B$5,2,FALSE) -> Frivillig donation | E97: 1 | F97: =VLOOKUP(E97,Land!$A$1:$B$4,2,FALSE) -> Industriella företag | G97: 1 | H97: =VLOOKUP(G97,Monitor!$A$1:$B$3,2,FALSE) -> Offentlig förvaltning | I97: 3 | J97: =VLOOKUP(I97,Price!$A$1:$B$5,2,FALSE) -> 7380 | K97: 3 | L97: =VLOOKUP(K97,Source!$A$1:$B$5,2,FALSE) -> Obligatorisk kompensation | M97: 0 | N97: =VLOOKUP(M97,Land!$A$1:$B$4,2,FALSE) -> Småskaliga privata ägare | O97: 0 | P97: =VLOOKUP(O97,Monitor!$A$1:$B$3,2,FALSE) -> Privat, oberoende granskning | Q97: 2 | R97: =VLOOKUP(Q97,Price!$A$1:$B$5,2,FALSE) -> 4920

Sheet Source
A1: Code | B1: Meaning
A2: 0 | B2: Skattebetalning
A3: 1 | B3: Frivillig donation
A4: 2 | B4: Marknadscertifiering
A5: 3 | B5: Obligatorisk kompensation

Sheet Land
A1: Code | B1: Meaning
A2: 0 | B2: Småskaliga privata ägare
A3: 1 | B3: Industriella företag
A4: 2 | B4: Offentlig mark

Sheet Monitor
A1: Code | B1: Meaning
A2: 0 | B2: Privat, oberoende granskning
A3: 1 | B3: Offentlig förvaltning

Sheet Price
A1: Code | B1: Meaning
A2: 0 | B2: 492
A3: 1 | B3: 2460
A4: 2 | B4: 4920
A5: 3 | B5: 7380
